{
    "right_idler.stl": [
        [
            -9.18969,
            -10.0,
            -24.25
        ],
        [
            30.8103,
            15.0,
            30.0
        ]
    ],
    "left_idler.stl": [
        [
            -30.8103,
            -10.0,
            -24.25
        ],
        [
            9.18969,
            15.0,
            30.0
        ]
    ],
    "psu_mount.stl": [
        [
            -10.0,
            -55.0,
            -102.5
        ],
        [
            10.0,
            -0.25,
            32.0
        ]
    ],
    "iec_socket_mount.stl": [
        [
            -28.4,
            -25.0,
            -65.0
        ],
        [
            28.4,
            33.5,
            0.0
        ]
    ],
    "psu_cover.stl": [
        [
            -50.0,
            -55.0,
            -82.5
        ],
        [
            37.5,
            5.0,
            62.5
        ]
    ],
    "duet_mount.stl": [
        [
            -75.0,
            -84.5,
            0.0
        ],
        [
            75.0,
            82.5,
            25.0
        ]
    ],
    "titan_mount.stl": [
        [
            -23.15,
            -21.15,
            -53.0
        ],
        [
            23.15,
            26.15,
            39.0
        ]
    ],
    "foot.stl": [
        [
            -20.0,
            -10.0,
            0.0
        ],
        [
            20.0,
            10.0,
            10.0
        ]
    ],
    "back_top_corner.stl": [
        [
            -50.0,
            -50.0,
            0.0
        ],
        [
            10.0,
            10.0,
            5.0
        ]
    ],
    "front_top_corner.stl": [
        [
            -30.0,
            -10.0,
            0.0
        ],
        [
            10.0,
            50.0,
            5.0
        ]
    ],
    "side_top_corner.stl": [
        [
            -35.0,
            -29.9949,
            0.0
        ],
        [
            35.0,
            29.9949,
            5.0
        ]
    ],
    "bottom_corner.stl": [
        [
            -40.0,
            -20.0,
            0.0
        ],
        [
            20.0,
            20.0,
            5.0
        ]
    ],
    "left_y_carriage.stl": [
        [
            -16.0,
            -29.4,
            -24.75
        ],
        [
            45.5,
            29.4,
            21.0
        ]
    ],
    "right_y_carriage.stl": [
        [
            -45.5,
            -29.4,
            -24.75
        ],
        [
            16.0,
            29.4,
            21.0
        ]
    ],
    "y_endstop_mount.stl": [
        [
            -9.0,
            -20.1,
            0.0
        ],
        [
            9.0,
            5.1,
            24.8
        ]
    ],
    "spool_rod_holder.stl": [
        [
            -20.0,
            -20.0,
            0.0
        ],
        [
            20.0,
            20.0,
            24.0
        ]
    ],
    "right_motor_mount.stl": [
        [
            -21.15,
            -22.3584,
            0.0
        ],
        [
            36.7787,
            36.0906,
            25.0
        ]
    ],
    "left_motor_mount.stl": [
        [
            -21.15,
            -36.0906,
            0.0
        ],
        [
            36.7787,
            22.3584,
            25.0
        ]
    ],
    "x_carriage_front.stl": [
        [
            -22.7,
            -2.5,
            -26.05
        ],
        [
            22.7,
            2.5,
            26.05
        ]
    ],
    "x_carriage_rear.stl": [
        [
            -22.7,
            -2.5,
            -26.05
        ],
        [
            22.7,
            2.5,
            26.05
        ]
    ],
    "x_carriage_mount.stl": [
        [
            -22.7,
            -13.5,
            0.00512447
        ],
        [
            22.7,
            13.5,
            8.29488
        ]
    ],
    "belt_clamp.stl": [
        [
            -4.15,
            -11.3,
            0.0
        ],
        [
            4.15,
            11.3,
            5.0
        ]
    ],
    "hotend_mount.stl": [
        [
            -12.9,
            -17.9,
            -8.0
        ],
        [
            12.9,
            40.05,
            5.0
        ]
    ],
    "hotend_clamp.stl": [
        [
            -12.9,
            -13.0,
            -16.0
        ],
        [
            12.9,
            0.0,
            0.0
        ]
    ],
    "probe_mount.stl": [
        [
            -12.9,
            -47.1,
            -23.75
        ],
        [
            35.75,
            0.0,
            5.0
        ]
    ],
    "x_endstop_mount.stl": [
        [
            -22.6,
            -3.5,
            -21.15
        ],
        [
            10.0,
            2.5,
            9.9
        ]
    ],
    "duct.stl": [
        [
            -18.7383,
            -45.8598,
            -8.5066
        ],
        [
            18.7383,
            63.5972,
            22.7446
        ]
    ],
    "duct_mount.stl": [
        [
            -12.9,
            -18.5,
            -18.3
        ],
        [
            12.9,
            7.075,
            -0.299999
        ]
    ],
    "rail_guard.stl": [
        [
            -10.0,
            -10.0,
            0.0
        ],
        [
            10.0,
            10.0,
            10.0
        ]
    ],
    "z_rail_mount.stl": [
        [
            -10.0,
            -17.5,
            -15.2
        ],
        [
            15.0,
            17.5,
            32.5
        ]
    ],
    "z_motor_mount.stl": [
        [
            -77.5,
            -20.0,
            -40.0
        ],
        [
            10.0,
            20.0,
            5.0
        ]
    ]
}